{"stats":{"minecraft:picked_up":{"minecraft:spruce_log":2},"minecraft:used":{"minecraft:spruce_planks":1},"minecraft:crafted":{"minecraft:spruce_planks":4,"minecraft:stick":4},"minecraft:custom":{"minecraft:jump":13,"minecraft:time_since_rest":3777,"minecraft:damage_dealt":50,"minecraft:play_time":3777,"minecraft:leave_game":3,"minecraft:sprint_one_cm":3578,"minecraft:damage_taken":10,"minecraft:time_since_death":3777,"minecraft:walk_one_cm":3469,"minecraft:total_world_time":3777,"minecraft:interact_with_crafting_table":1,"minecraft:fly_one_cm":1633}},"DataVersion":3955}