{"stats":{"minecraft:killed_by":{"minecraft:player":1},"minecraft:picked_up":{"minecraft:sugar_cane":6,"minecraft:dirt":1},"minecraft:custom":{"minecraft:time_since_rest":59,"minecraft:crouch_one_cm":71,"minecraft:play_time":7393,"minecraft:sprint_one_cm":30645,"minecraft:walk_one_cm":26955,"minecraft:damage_taken":210,"minecraft:deaths":1,"minecraft:sneak_time":25,"minecraft:walk_under_water_one_cm":941,"minecraft:jump":237,"minecraft:damage_dealt":53,"minecraft:leave_game":1,"minecraft:time_since_death":24,"minecraft:walk_on_water_one_cm":12181,"minecraft:total_world_time":7393,"minecraft:swim_one_cm":670,"minecraft:fall_one_cm":1690,"minecraft:fly_one_cm":80335},"minecraft:mined":{"minecraft:grass_block":1,"minecraft:packed_ice":5,"minecraft:spruce_leaves":2,"minecraft:sugar_cane":3}},"DataVersion":3955}