{"stats":{"minecraft:picked_up":{"minecraft:crafting_table":1,"minecraft:sandstone":11,"minecraft:spruce_planks":5,"minecraft:sand":15,"minecraft:spruce_log":9,"minecraft:snowball":1,"minecraft:cobblestone":18},"minecraft:mined":{"minecraft:spruce_planks":1,"minecraft:sand":16,"minecraft:snow":1,"minecraft:spruce_log":8,"minecraft:stone":18,"minecraft:crafting_table":1,"minecraft:sandstone":11},"minecraft:dropped":{"minecraft:spruce_log":3,"minecraft:spruce_planks":4},"minecraft:used":{"minecraft:stone_axe":1,"minecraft:crafting_table":1,"minecraft:wooden_pickaxe":32,"minecraft:wooden_shovel":17},"minecraft:crafted":{"minecraft:stone_sword":1,"minecraft:wooden_shovel":1,"minecraft:stone_axe":1,"minecraft:crafting_table":1,"minecraft:spruce_planks":21,"minecraft:stick":32,"minecraft:wooden_pickaxe":1,"minecraft:stone_pickaxe":1},"minecraft:custom":{"minecraft:time_since_rest":5976,"minecraft:crouch_one_cm":666,"minecraft:play_time":5976,"minecraft:sprint_one_cm":3394,"minecraft:damage_taken":120,"minecraft:walk_one_cm":15491,"minecraft:sneak_time":191,"minecraft:drop":4,"minecraft:jump":56,"minecraft:damage_dealt":10,"minecraft:time_since_death":5976,"minecraft:total_world_time":5976,"minecraft:interact_with_crafting_table":4,"minecraft:fall_one_cm":1232,"minecraft:fly_one_cm":775}},"DataVersion":3955}