{"stats":{"minecraft:picked_up":{"minecraft:stick":2,"minecraft:crafting_table":1,"minecraft:sandstone":11,"minecraft:feather":1,"minecraft:chicken":1,"minecraft:porkchop":5,"minecraft:sand":15,"minecraft:spruce_log":15,"minecraft:rotten_flesh":2,"minecraft:spruce_planks":5,"minecraft:snowball":1,"minecraft:cobblestone":18},"minecraft:mined":{"minecraft:spruce_planks":1,"minecraft:snow":1,"minecraft:spruce_log":14,"minecraft:crafting_table":1,"minecraft:sand":16,"minecraft:packed_ice":1,"minecraft:spruce_leaves":4,"minecraft:stone":18,"minecraft:sandstone":11},"minecraft:dropped":{"minecraft:spruce_planks":4,"minecraft:snowball":1,"minecraft:spruce_log":3},"minecraft:used":{"minecraft:stone_sword":3,"minecraft:stone_pickaxe":1,"minecraft:wooden_pickaxe":32,"minecraft:wooden_shovel":17,"minecraft:stone_axe":29,"minecraft:crafting_table":2},"minecraft:killed_by":{"minecraft:zombie":1},"minecraft:crafted":{"minecraft:wooden_shovel":1,"minecraft:crafting_table":1,"minecraft:stick":32,"minecraft:spruce_planks":21,"minecraft:wooden_pickaxe":1,"minecraft:stone_pickaxe":1,"minecraft:stone_sword":1,"minecraft:furnace":1,"minecraft:stone_axe":1},"minecraft:custom":{"minecraft:time_since_rest":173,"minecraft:sprint_one_cm":18759,"minecraft:damage_taken":255,"minecraft:walk_one_cm":54755,"minecraft:mob_kills":5,"minecraft:drop":5,"minecraft:damage_dealt":753,"minecraft:fly_one_cm":7315,"minecraft:interact_with_crafting_table":5,"minecraft:crouch_one_cm":1012,"minecraft:play_time":11351,"minecraft:deaths":1,"minecraft:sneak_time":275,"minecraft:walk_under_water_one_cm":843,"minecraft:jump":167,"minecraft:leave_game":1,"minecraft:walk_on_water_one_cm":310,"minecraft:time_since_death":54,"minecraft:total_world_time":11351,"minecraft:fall_one_cm":2345},"minecraft:killed":{"minecraft:zombie":1,"minecraft:pig":2,"minecraft:chicken":1,"minecraft:spider":1}},"DataVersion":3955}