{"stats":{"minecraft:used":{"minecraft:netherite_sword":2},"minecraft:picked_up":{"minecraft:dirt":1},"minecraft:custom":{"minecraft:jump":226,"minecraft:time_since_rest":8668,"minecraft:damage_dealt":358,"minecraft:walk_on_water_one_cm":4179,"minecraft:crouch_one_cm":79,"minecraft:leave_game":2,"minecraft:play_time":8668,"minecraft:sprint_one_cm":29395,"minecraft:damage_taken":90,"minecraft:time_since_death":8668,"minecraft:walk_one_cm":19302,"minecraft:sneak_time":21,"minecraft:total_world_time":8668,"minecraft:walk_under_water_one_cm":737,"minecraft:swim_one_cm":274,"minecraft:fall_one_cm":3466,"minecraft:fly_one_cm":130084,"minecraft:player_kills":1}},"DataVersion":3955}